{
  "emotional_state": [
    0.04836474943761298,
    0.10959563271183317,
    0.01867855490695223,
    0.021620116143166702,
    -0.04450963545369436,
    -0.0857963776857425,
    5.589790212884565e-06,
    0.17889332174930028,
    -0.03227260156724917,
    0.10971629362956428,
    -0.09767193916185067,
    -0.0014742160975593482,
    -0.0025325878063356426,
    -0.012341315572446656,
    -0.15317503889601702,
    -0.09845547389187742,
    -0.007061927366931968,
    0.20254196431981258,
    0.05592170983528775,
    0.026119381320723334,
    -0.02706048173524372,
    -0.11714279743338236,
    0.11934089196263337,
    0.1028565326475166,
    -0.04245641240941482,
    0.01445719451097596,
    0.11119953057546193,
    -0.007767448533487233,
    -0.014215860305548786,
    0.05068960042754721,
    -0.157300767230138,
    -0.10149481852658179
  ],
  "emotional_memory": [
    0.012787028246321266,
    0.045136725891898904,
    -0.018793587747030355,
    0.00749871144028212,
    -0.02108725462508519,
    -0.0035337879139481754,
    -0.006618715020094893,
    0.051287393468805495,
    -0.01799392462429743,
    0.027185576210278,
    -0.01839492258459349,
    0.0027858189463348293,
    0.014711785453566563,
    0.02734682621371215,
    -0.03502593057575096,
    -0.03867658237286196,
    0.005279698341247134,
    0.08507512876714762,
    0.017628237993412413,
    0.01595371973270774,
    -0.014078895591605543,
    -0.03929772650953277,
    0.028505846989183597,
    0.03778060168937173,
    -0.0022134956079647586,
    0.0074790461022826785,
    0.04430588764694246,
    -0.02023645514567458,
    0.01740177107829349,
    0.026145137681687577,
    -0.03693653737733691,
    -0.03553070443950228
  ],
  "sensitivity": [
    1.3018843985677557,
    1.2986701202996274,
    1.4781915927345581,
    1.3970863525057051,
    1.2721903961176106,
    1.4022249195520038
  ],
  "baseline": [
    -0.2822535490973718,
    -0.29106176404385403,
    0.16467214141464534,
    0.11054475817208627,
    -0.1429327765391005,
    0.24892401245604695
  ],
  "W_project": [
    [
      0.09329664247045572,
      -0.02596985609247119,
      0.12165380351066009,
      0.2860670893384344,
      -0.04398047358300198,
      -0.04397738987138181,
      0.2966198014289781,
      0.14414544685536837,
      -0.08818026156105818,
      0.10190776747214997,
      -0.08704264724228634,
      -0.08747691613634191,
      0.04544720017495678,
      -0.3593668951236587,
      -0.32398722954697573,
      -0.10561313436141335,
      -0.19023766958106983,
      0.059024331919474524,
      -0.17055201067836845,
      -0.26526965798013064,
      0.27528933563172614,
      -0.042407027577324036,
      0.012683662688585623,
      -0.26760707608945705,
      -0.10225011731439433,
      0.020834327210773884,
      -0.216188396540678,
      0.07056646862579376,
      -0.1128165420042107,
      -0.054788145899105266,
      -0.11301712732152752,
      0.3479090227011253
    ],
    [
      -0.0027153503894987736,
      -0.21278861682176836,
      0.16547828837600878,
      -0.24560740039758455,
      0.04201884869371234,
      -0.39424334539017214,
      -0.2672023749495077,
      0.03960423300888594,
      0.1485635421026048,
      0.034475600585439393,
      -0.023265939089330327,
      -0.060575566679276424,
      -0.29744672259500693,
      -0.14481712274891054,
      -0.09267058157730283,
      0.21267018253344552,
      0.06912858565630206,
      -0.35468563838250106,
      0.06519870192671705,
      -0.07747024595202678,
      -0.1361821006080719,
      0.1230560712590949,
      0.20741485819039313,
      0.18735346586232518,
      -0.1688324579905905,
      -0.062206858188090075,
      0.0666430547726108,
      0.1962586303731366,
      -0.09639951757743015,
      -0.03735058016639418,
      -0.22257072553147936,
      -0.24065096237818637
    ],
    [
      0.1496832460698556,
      0.24984610252530004,
      -0.013265681472459132,
      0.18487050817874384,
      0.06662047239979019,
      -0.11884375402193152,
      0.0665761823894825,
      0.2833366023548613,
      -0.006599861419790663,
      0.2882381518100522,
      -0.4826086017799461,
      0.15141061541320647,
      0.016035782956855274,
      -0.05508303808068315,
      0.016904140785646372,
      -0.36614930716708466,
      -0.04046788463279098,
      0.06578716324205446,
      0.2722571663167344,
      -0.0954755731749481,
      -0.14894043188827186,
      -0.0924335214367013,
      0.1686350841541512,
      0.06056242384756487,
      -0.09759225461268829,
      0.09455396169929557,
      0.01788359496576295,
      0.1784434690888204,
      -0.12933199549929475,
      -0.06036181542200432,
      -0.07223403804981211,
      -0.26960825375700226
    ],
    [
      0.05238680464940235,
      0.04618343492702487,
      0.0009046244886275397,
      -0.04150094161470458,
      -0.25039403348290545,
      -0.07441660047342227,
      -0.06062981774087363,
      -0.14193132261659866,
      -0.028533145901199115,
      0.07148086417517066,
      0.3336862079107971,
      0.03088465898924938,
      0.045563384378532114,
      -0.013170268800395525,
      -0.3394508941407171,
      -0.004690584607800465,
      0.010655360292956103,
      0.435773546580896,
      -0.034030686395588046,
      0.053346909816420575,
      -0.0061408786882469054,
      -0.2067514884888147,
      0.20217742643751052,
      0.13302489543532503,
      0.1399419063495729,
      -0.16088024574744061,
      0.24816912998590981,
      -0.2480022594266359,
      0.10382121830625732,
      0.3875147359039771,
      -0.17523633800816077,
      -0.10018404963072149
    ],
    [
      0.019653194034977405,
      -0.09929522504313391,
      -0.30582109203304925,
      0.013521956736799758,
      -0.2095070247314202,
      0.09340167015859709,
      -0.1813284028770264,
      0.30567731386827496,
      -0.15447283556307292,
      -0.0635168164893925,
      0.1604414722236843,
      -0.24275046528797076,
      0.04485953831165968,
      0.25779406191509735,
      -0.3170270662024576,
      0.036413400297834644,
      0.05125395901224653,
      0.15419072871213835,
      -0.24395082105709276,
      -0.26041981470992254,
      0.10293706317988972,
      0.0585711736445649,
      0.04940207881640568,
      0.06832634834782605,
      -0.1341141467556379,
      0.04580496184504529,
      0.05779961146527284,
      -0.14088404123000436,
      0.367967146870431,
      0.09344909953465737,
      -0.23494829964927888,
      0.1294851852104287
    ],
    [
      -0.181787406506552,
      0.14679876844529868,
      0.21608910060716674,
      -0.15306506193365363,
      0.1796788155304093,
      0.07698757087086253,
      0.15332204251148598,
      0.3537699410270729,
      -0.04576721873233432,
      -0.1405789671583622,
      -0.16590290568823918,
      -0.15215638134515216,
      -0.01438020250072301,
      0.06362808968392954,
      0.051605467047203174,
      0.15427754736872348,
      0.0024249765604108173,
      0.2710979371282285,
      -0.049361017856572854,
      0.5073374345267898,
      0.11669291416910162,
      -0.15986804092875587,
      -0.19973164143370944,
      0.08998569661985663,
      -0.04167793592100951,
      0.13316788653173933,
      0.08826332028228447,
      -0.013583285245835526,
      -0.15793508645524615,
      -0.28253342259433845,
      -0.08327928756855556,
      0.15972652457811465
    ]
  ],